Accession,Title,Sample Type,Taxonomy,Channels,Platform,Series,Supplementary Types,Supplementary Links,SRA Accession,Contact,Release Date
GSM989827,"age 67y 1001","genomic","Homo sapiens",1,GPL13534,GSE40279,,,,"Justin Guinney","Nov 21, 2012"
GSM989828,"age 89y 1002","genomic","Homo sapiens",1,GPL13534,GSE40279,,,,"Justin Guinney","Nov 21, 2012"
GSM989829,"age 66y 1003","genomic","Homo sapiens",1,GPL13534,GSE40279,,,,"Justin Guinney","Nov 21, 2012"
GSM989830,"age 64y 1004","genomic","Homo sapiens",1,GPL13534,GSE40279,,,,"Justin Guinney","Nov 21, 2012"
GSM989831,"age 62y 1005","genomic","Homo sapiens",1,GPL13534,GSE40279,,,,"Justin Guinney","Nov 21, 2012"
GSM989832,"age 87y 1006","genomic","Homo sapiens",1,GPL13534,GSE40279,,,,"Justin Guinney","Nov 21, 2012"
GSM989833,"age 73y 1007","genomic","Homo sapiens",1,GPL13534,GSE40279,,,,"Justin Guinney","Nov 21, 2012"
GSM989834,"age 75y 1008","genomic","Homo sapiens",1,GPL13534,GSE40279,,,,"Justin Guinney","Nov 21, 2012"
GSM989835,"age 73y 1009","genomic","Homo sapiens",1,GPL13534,GSE40279,,,,"Justin Guinney","Nov 21, 2012"
GSM989836,"age 83y 1010","genomic","Homo sapiens",1,GPL13534,GSE40279,,,,"Justin Guinney","Nov 21, 2012"
GSM989837,"age 82y 1011","genomic","Homo sapiens",1,GPL13534,GSE40279,,,,"Justin Guinney","Nov 21, 2012"
GSM989838,"age 48y 1012","genomic","Homo sapiens",1,GPL13534,GSE40279,,,,"Justin Guinney","Nov 21, 2012"
GSM989839,"age 77y 1013","genomic","Homo sapiens",1,GPL13534,GSE40279,,,,"Justin Guinney","Nov 21, 2012"
GSM989840,"age 54y 1014","genomic","Homo sapiens",1,GPL13534,GSE40279,,,,"Justin Guinney","Nov 21, 2012"
GSM989841,"age 63y 1015","genomic","Homo sapiens",1,GPL13534,GSE40279,,,,"Justin Guinney","Nov 21, 2012"
GSM989842,"age 71y 1016","genomic","Homo sapiens",1,GPL13534,GSE40279,,,,"Justin Guinney","Nov 21, 2012"
GSM989843,"age 68y 1017","genomic","Homo sapiens",1,GPL13534,GSE40279,,,,"Justin Guinney","Nov 21, 2012"
GSM989844,"age 80y 1018","genomic","Homo sapiens",1,GPL13534,GSE40279,,,,"Justin Guinney","Nov 21, 2012"
GSM989845,"age 92y 1019","genomic","Homo sapiens",1,GPL13534,GSE40279,,,,"Justin Guinney","Nov 21, 2012"
GSM989846,"age 60y 1020","genomic","Homo sapiens",1,GPL13534,GSE40279,,,,"Justin Guinney","Nov 21, 2012"
GSM989847,"age 79y 1021","genomic","Homo sapiens",1,GPL13534,GSE40279,,,,"Justin Guinney","Nov 21, 2012"
GSM989848,"age 68y 1022","genomic","Homo sapiens",1,GPL13534,GSE40279,,,,"Justin Guinney","Nov 21, 2012"
GSM989849,"age 93y 1023","genomic","Homo sapiens",1,GPL13534,GSE40279,,,,"Justin Guinney","Nov 21, 2012"
GSM989850,"age 84y 1025","genomic","Homo sapiens",1,GPL13534,GSE40279,,,,"Justin Guinney","Nov 21, 2012"
GSM989851,"age 74y 1026","genomic","Homo sapiens",1,GPL13534,GSE40279,,,,"Justin Guinney","Nov 21, 2012"
GSM989852,"age 74y 1027","genomic","Homo sapiens",1,GPL13534,GSE40279,,,,"Justin Guinney","Nov 21, 2012"
GSM989853,"age 76y 1028","genomic","Homo sapiens",1,GPL13534,GSE40279,,,,"Justin Guinney","Nov 21, 2012"
GSM989854,"age 56y 1029","genomic","Homo sapiens",1,GPL13534,GSE40279,,,,"Justin Guinney","Nov 21, 2012"
GSM989855,"age 72y 1030","genomic","Homo sapiens",1,GPL13534,GSE40279,,,,"Justin Guinney","Nov 21, 2012"
GSM989856,"age 75y 1031","genomic","Homo sapiens",1,GPL13534,GSE40279,,,,"Justin Guinney","Nov 21, 2012"
GSM989857,"age 79y 1032","genomic","Homo sapiens",1,GPL13534,GSE40279,,,,"Justin Guinney","Nov 21, 2012"
GSM989858,"age 73y 1033","genomic","Homo sapiens",1,GPL13534,GSE40279,,,,"Justin Guinney","Nov 21, 2012"
GSM989859,"age 82y 1034","genomic","Homo sapiens",1,GPL13534,GSE40279,,,,"Justin Guinney","Nov 21, 2012"
GSM989860,"age 74y 1035","genomic","Homo sapiens",1,GPL13534,GSE40279,,,,"Justin Guinney","Nov 21, 2012"
GSM989861,"age 79y 1036","genomic","Homo sapiens",1,GPL13534,GSE40279,,,,"Justin Guinney","Nov 21, 2012"
GSM989862,"age 54y 1037","genomic","Homo sapiens",1,GPL13534,GSE40279,,,,"Justin Guinney","Nov 21, 2012"
GSM989863,"age 101y 1039","genomic","Homo sapiens",1,GPL13534,GSE40279,,,,"Justin Guinney","Nov 21, 2012"
GSM989864,"age 79y 1040","genomic","Homo sapiens",1,GPL13534,GSE40279,,,,"Justin Guinney","Nov 21, 2012"
GSM989865,"age 84y 1041","genomic","Homo sapiens",1,GPL13534,GSE40279,,,,"Justin Guinney","Nov 21, 2012"
GSM989866,"age 85y 1042","genomic","Homo sapiens",1,GPL13534,GSE40279,,,,"Justin Guinney","Nov 21, 2012"
GSM989867,"age 87y 1043","genomic","Homo sapiens",1,GPL13534,GSE40279,,,,"Justin Guinney","Nov 21, 2012"
GSM989868,"age 74y 1044","genomic","Homo sapiens",1,GPL13534,GSE40279,,,,"Justin Guinney","Nov 21, 2012"
GSM989869,"age 77y 1045","genomic","Homo sapiens",1,GPL13534,GSE40279,,,,"Justin Guinney","Nov 21, 2012"
GSM989870,"age 73y 1046","genomic","Homo sapiens",1,GPL13534,GSE40279,,,,"Justin Guinney","Nov 21, 2012"
GSM989871,"age 87y 1047","genomic","Homo sapiens",1,GPL13534,GSE40279,,,,"Justin Guinney","Nov 21, 2012"
GSM989872,"age 85y 1048","genomic","Homo sapiens",1,GPL13534,GSE40279,,,,"Justin Guinney","Nov 21, 2012"
GSM989873,"age 88y 1049","genomic","Homo sapiens",1,GPL13534,GSE40279,,,,"Justin Guinney","Nov 21, 2012"
GSM989874,"age 66y 1050","genomic","Homo sapiens",1,GPL13534,GSE40279,,,,"Justin Guinney","Nov 21, 2012"
GSM989875,"age 78y 1051","genomic","Homo sapiens",1,GPL13534,GSE40279,,,,"Justin Guinney","Nov 21, 2012"
GSM989876,"age 53y 1052","genomic","Homo sapiens",1,GPL13534,GSE40279,,,,"Justin Guinney","Nov 21, 2012"
GSM989877,"age 76y 1053","genomic","Homo sapiens",1,GPL13534,GSE40279,,,,"Justin Guinney","Nov 21, 2012"
GSM989878,"age 67y 1054","genomic","Homo sapiens",1,GPL13534,GSE40279,,,,"Justin Guinney","Nov 21, 2012"
GSM989879,"age 73y 1055","genomic","Homo sapiens",1,GPL13534,GSE40279,,,,"Justin Guinney","Nov 21, 2012"
GSM989880,"age 54y 1056","genomic","Homo sapiens",1,GPL13534,GSE40279,,,,"Justin Guinney","Nov 21, 2012"
GSM989881,"age 73y 1057","genomic","Homo sapiens",1,GPL13534,GSE40279,,,,"Justin Guinney","Nov 21, 2012"
GSM989882,"age 96y 1058","genomic","Homo sapiens",1,GPL13534,GSE40279,,,,"Justin Guinney","Nov 21, 2012"
GSM989883,"age 57y 1059","genomic","Homo sapiens",1,GPL13534,GSE40279,,,,"Justin Guinney","Nov 21, 2012"
GSM989884,"age 76y 1060","genomic","Homo sapiens",1,GPL13534,GSE40279,,,,"Justin Guinney","Nov 21, 2012"
GSM989885,"age 47y 1061","genomic","Homo sapiens",1,GPL13534,GSE40279,,,,"Justin Guinney","Nov 21, 2012"
GSM989886,"age 54y 1062","genomic","Homo sapiens",1,GPL13534,GSE40279,,,,"Justin Guinney","Nov 21, 2012"
GSM989887,"age 73y 1063","genomic","Homo sapiens",1,GPL13534,GSE40279,,,,"Justin Guinney","Nov 21, 2012"
GSM989888,"age 84y 1064","genomic","Homo sapiens",1,GPL13534,GSE40279,,,,"Justin Guinney","Nov 21, 2012"
GSM989889,"age 62y 1065","genomic","Homo sapiens",1,GPL13534,GSE40279,,,,"Justin Guinney","Nov 21, 2012"
GSM989890,"age 89y 1066","genomic","Homo sapiens",1,GPL13534,GSE40279,,,,"Justin Guinney","Nov 21, 2012"
GSM989891,"age 68y 1067","genomic","Homo sapiens",1,GPL13534,GSE40279,,,,"Justin Guinney","Nov 21, 2012"
GSM989892,"age 62y 1068","genomic","Homo sapiens",1,GPL13534,GSE40279,,,,"Justin Guinney","Nov 21, 2012"
GSM989893,"age 79y 1069","genomic","Homo sapiens",1,GPL13534,GSE40279,,,,"Justin Guinney","Nov 21, 2012"
GSM989894,"age 72y 1070","genomic","Homo sapiens",1,GPL13534,GSE40279,,,,"Justin Guinney","Nov 21, 2012"
GSM989895,"age 69y 1071","genomic","Homo sapiens",1,GPL13534,GSE40279,,,,"Justin Guinney","Nov 21, 2012"
GSM989896,"age 55y 1072","genomic","Homo sapiens",1,GPL13534,GSE40279,,,,"Justin Guinney","Nov 21, 2012"
GSM989897,"age 73y 1074","genomic","Homo sapiens",1,GPL13534,GSE40279,,,,"Justin Guinney","Nov 21, 2012"
GSM989898,"age 79y 1075","genomic","Homo sapiens",1,GPL13534,GSE40279,,,,"Justin Guinney","Nov 21, 2012"
GSM989899,"age 72y 1076","genomic","Homo sapiens",1,GPL13534,GSE40279,,,,"Justin Guinney","Nov 21, 2012"
GSM989900,"age 89y 1077","genomic","Homo sapiens",1,GPL13534,GSE40279,,,,"Justin Guinney","Nov 21, 2012"
GSM989901,"age 79y 1078","genomic","Homo sapiens",1,GPL13534,GSE40279,,,,"Justin Guinney","Nov 21, 2012"
GSM989902,"age 85y 1079","genomic","Homo sapiens",1,GPL13534,GSE40279,,,,"Justin Guinney","Nov 21, 2012"
GSM989903,"age 68y 1080","genomic","Homo sapiens",1,GPL13534,GSE40279,,,,"Justin Guinney","Nov 21, 2012"
GSM989904,"age 89y 1081","genomic","Homo sapiens",1,GPL13534,GSE40279,,,,"Justin Guinney","Nov 21, 2012"
GSM989905,"age 73y 1082","genomic","Homo sapiens",1,GPL13534,GSE40279,,,,"Justin Guinney","Nov 21, 2012"
GSM989906,"age 63y 1083","genomic","Homo sapiens",1,GPL13534,GSE40279,,,,"Justin Guinney","Nov 21, 2012"
GSM989907,"age 78y 1085","genomic","Homo sapiens",1,GPL13534,GSE40279,,,,"Justin Guinney","Nov 21, 2012"
GSM989908,"age 65y 1086","genomic","Homo sapiens",1,GPL13534,GSE40279,,,,"Justin Guinney","Nov 21, 2012"
GSM989909,"age 65y 1087","genomic","Homo sapiens",1,GPL13534,GSE40279,,,,"Justin Guinney","Nov 21, 2012"
GSM989910,"age 89y 1088","genomic","Homo sapiens",1,GPL13534,GSE40279,,,,"Justin Guinney","Nov 21, 2012"
GSM989911,"age 85y 1090","genomic","Homo sapiens",1,GPL13534,GSE40279,,,,"Justin Guinney","Nov 21, 2012"
GSM989912,"age 66y 1091","genomic","Homo sapiens",1,GPL13534,GSE40279,,,,"Justin Guinney","Nov 21, 2012"
GSM989913,"age 76y 1092","genomic","Homo sapiens",1,GPL13534,GSE40279,,,,"Justin Guinney","Nov 21, 2012"
GSM989914,"age 74y 1093","genomic","Homo sapiens",1,GPL13534,GSE40279,,,,"Justin Guinney","Nov 21, 2012"
GSM989915,"age 84y 1095","genomic","Homo sapiens",1,GPL13534,GSE40279,,,,"Justin Guinney","Nov 21, 2012"
GSM989916,"age 71y 1096","genomic","Homo sapiens",1,GPL13534,GSE40279,,,,"Justin Guinney","Nov 21, 2012"
GSM989917,"age 49y 2001","genomic","Homo sapiens",1,GPL13534,GSE40279,,,,"Justin Guinney","Nov 21, 2012"
GSM989918,"age 69y 2002","genomic","Homo sapiens",1,GPL13534,GSE40279,,,,"Justin Guinney","Nov 21, 2012"
GSM989919,"age 63y 2003","genomic","Homo sapiens",1,GPL13534,GSE40279,,,,"Justin Guinney","Nov 21, 2012"
GSM989920,"age 66y 2005","genomic","Homo sapiens",1,GPL13534,GSE40279,,,,"Justin Guinney","Nov 21, 2012"
GSM989921,"age 85y 2006","genomic","Homo sapiens",1,GPL13534,GSE40279,,,,"Justin Guinney","Nov 21, 2012"
GSM989922,"age 76y 2007","genomic","Homo sapiens",1,GPL13534,GSE40279,,,,"Justin Guinney","Nov 21, 2012"
GSM989923,"age 84y 2008","genomic","Homo sapiens",1,GPL13534,GSE40279,,,,"Justin Guinney","Nov 21, 2012"
GSM989924,"age 59y 2009","genomic","Homo sapiens",1,GPL13534,GSE40279,,,,"Justin Guinney","Nov 21, 2012"
GSM989925,"age 70y 2010","genomic","Homo sapiens",1,GPL13534,GSE40279,,,,"Justin Guinney","Nov 21, 2012"
GSM989926,"age 65y 2011","genomic","Homo sapiens",1,GPL13534,GSE40279,,,,"Justin Guinney","Nov 21, 2012"
GSM989927,"age 68y 2012","genomic","Homo sapiens",1,GPL13534,GSE40279,,,,"Justin Guinney","Nov 21, 2012"
GSM989928,"age 84y 2013","genomic","Homo sapiens",1,GPL13534,GSE40279,,,,"Justin Guinney","Nov 21, 2012"
GSM989929,"age 75y 2014","genomic","Homo sapiens",1,GPL13534,GSE40279,,,,"Justin Guinney","Nov 21, 2012"
GSM989930,"age 51y 2017","genomic","Homo sapiens",1,GPL13534,GSE40279,,,,"Justin Guinney","Nov 21, 2012"
GSM989931,"age 63y 2018","genomic","Homo sapiens",1,GPL13534,GSE40279,,,,"Justin Guinney","Nov 21, 2012"
GSM989932,"age 69y 2019","genomic","Homo sapiens",1,GPL13534,GSE40279,,,,"Justin Guinney","Nov 21, 2012"
GSM989933,"age 78y 2020","genomic","Homo sapiens",1,GPL13534,GSE40279,,,,"Justin Guinney","Nov 21, 2012"
GSM989934,"age 78y 2021","genomic","Homo sapiens",1,GPL13534,GSE40279,,,,"Justin Guinney","Nov 21, 2012"
GSM989935,"age 52y 2022","genomic","Homo sapiens",1,GPL13534,GSE40279,,,,"Justin Guinney","Nov 21, 2012"
GSM989936,"age 49y 2023","genomic","Homo sapiens",1,GPL13534,GSE40279,,,,"Justin Guinney","Nov 21, 2012"
GSM989937,"age 53y 2024","genomic","Homo sapiens",1,GPL13534,GSE40279,,,,"Justin Guinney","Nov 21, 2012"
GSM989938,"age 59y 2025","genomic","Homo sapiens",1,GPL13534,GSE40279,,,,"Justin Guinney","Nov 21, 2012"
GSM989939,"age 62y 2026","genomic","Homo sapiens",1,GPL13534,GSE40279,,,,"Justin Guinney","Nov 21, 2012"
GSM989940,"age 46y 2027","genomic","Homo sapiens",1,GPL13534,GSE40279,,,,"Justin Guinney","Nov 21, 2012"
GSM989941,"age 68y 2028","genomic","Homo sapiens",1,GPL13534,GSE40279,,,,"Justin Guinney","Nov 21, 2012"
GSM989942,"age 74y 2029","genomic","Homo sapiens",1,GPL13534,GSE40279,,,,"Justin Guinney","Nov 21, 2012"
GSM989943,"age 59y 2030","genomic","Homo sapiens",1,GPL13534,GSE40279,,,,"Justin Guinney","Nov 21, 2012"
GSM989944,"age 76y 2031","genomic","Homo sapiens",1,GPL13534,GSE40279,,,,"Justin Guinney","Nov 21, 2012"
GSM989945,"age 54y 2032","genomic","Homo sapiens",1,GPL13534,GSE40279,,,,"Justin Guinney","Nov 21, 2012"
GSM989946,"age 59y 2033","genomic","Homo sapiens",1,GPL13534,GSE40279,,,,"Justin Guinney","Nov 21, 2012"
GSM989947,"age 48y 2034","genomic","Homo sapiens",1,GPL13534,GSE40279,,,,"Justin Guinney","Nov 21, 2012"
GSM989948,"age 45y 2035","genomic","Homo sapiens",1,GPL13534,GSE40279,,,,"Justin Guinney","Nov 21, 2012"
GSM989949,"age 62y 2036","genomic","Homo sapiens",1,GPL13534,GSE40279,,,,"Justin Guinney","Nov 21, 2012"
GSM989950,"age 63y 2038","genomic","Homo sapiens",1,GPL13534,GSE40279,,,,"Justin Guinney","Nov 21, 2012"
GSM989951,"age 80y 2039","genomic","Homo sapiens",1,GPL13534,GSE40279,,,,"Justin Guinney","Nov 21, 2012"
GSM989952,"age 60y 2040","genomic","Homo sapiens",1,GPL13534,GSE40279,,,,"Justin Guinney","Nov 21, 2012"
GSM989953,"age 71y 2041","genomic","Homo sapiens",1,GPL13534,GSE40279,,,,"Justin Guinney","Nov 21, 2012"
GSM989954,"age 67y 2042","genomic","Homo sapiens",1,GPL13534,GSE40279,,,,"Justin Guinney","Nov 21, 2012"
GSM989955,"age 50y 2043","genomic","Homo sapiens",1,GPL13534,GSE40279,,,,"Justin Guinney","Nov 21, 2012"
GSM989956,"age 86y 2044","genomic","Homo sapiens",1,GPL13534,GSE40279,,,,"Justin Guinney","Nov 21, 2012"
GSM989957,"age 70y 2045","genomic","Homo sapiens",1,GPL13534,GSE40279,,,,"Justin Guinney","Nov 21, 2012"
GSM989958,"age 54y 2046","genomic","Homo sapiens",1,GPL13534,GSE40279,,,,"Justin Guinney","Nov 21, 2012"
GSM989959,"age 69y 2047","genomic","Homo sapiens",1,GPL13534,GSE40279,,,,"Justin Guinney","Nov 21, 2012"
GSM989960,"age 76y 2048","genomic","Homo sapiens",1,GPL13534,GSE40279,,,,"Justin Guinney","Nov 21, 2012"
GSM989961,"age 58y 2049","genomic","Homo sapiens",1,GPL13534,GSE40279,,,,"Justin Guinney","Nov 21, 2012"
GSM989962,"age 58y 2050","genomic","Homo sapiens",1,GPL13534,GSE40279,,,,"Justin Guinney","Nov 21, 2012"
GSM989963,"age 64y 2051","genomic","Homo sapiens",1,GPL13534,GSE40279,,,,"Justin Guinney","Nov 21, 2012"
GSM989964,"age 73y 2052","genomic","Homo sapiens",1,GPL13534,GSE40279,,,,"Justin Guinney","Nov 21, 2012"
GSM989965,"age 49y 2053","genomic","Homo sapiens",1,GPL13534,GSE40279,,,,"Justin Guinney","Nov 21, 2012"
GSM989966,"age 56y 2054","genomic","Homo sapiens",1,GPL13534,GSE40279,,,,"Justin Guinney","Nov 21, 2012"
GSM989967,"age 75y 2055","genomic","Homo sapiens",1,GPL13534,GSE40279,,,,"Justin Guinney","Nov 21, 2012"
GSM989968,"age 48y 2056","genomic","Homo sapiens",1,GPL13534,GSE40279,,,,"Justin Guinney","Nov 21, 2012"
GSM989969,"age 81y 2058","genomic","Homo sapiens",1,GPL13534,GSE40279,,,,"Justin Guinney","Nov 21, 2012"
GSM989970,"age 72y 2059","genomic","Homo sapiens",1,GPL13534,GSE40279,,,,"Justin Guinney","Nov 21, 2012"
GSM989971,"age 61y 2060","genomic","Homo sapiens",1,GPL13534,GSE40279,,,,"Justin Guinney","Nov 21, 2012"
GSM989972,"age 50y 2063","genomic","Homo sapiens",1,GPL13534,GSE40279,,,,"Justin Guinney","Nov 21, 2012"
GSM989973,"age 69y 2064","genomic","Homo sapiens",1,GPL13534,GSE40279,,,,"Justin Guinney","Nov 21, 2012"
GSM989974,"age 65y 2065","genomic","Homo sapiens",1,GPL13534,GSE40279,,,,"Justin Guinney","Nov 21, 2012"
GSM989975,"age 47y 2066","genomic","Homo sapiens",1,GPL13534,GSE40279,,,,"Justin Guinney","Nov 21, 2012"
GSM989976,"age 43y 2068","genomic","Homo sapiens",1,GPL13534,GSE40279,,,,"Justin Guinney","Nov 21, 2012"
GSM989977,"age 55y 2069","genomic","Homo sapiens",1,GPL13534,GSE40279,,,,"Justin Guinney","Nov 21, 2012"
GSM989978,"age 54y 2070","genomic","Homo sapiens",1,GPL13534,GSE40279,,,,"Justin Guinney","Nov 21, 2012"
GSM989979,"age 58y 2071","genomic","Homo sapiens",1,GPL13534,GSE40279,,,,"Justin Guinney","Nov 21, 2012"
GSM989980,"age 34y 2072","genomic","Homo sapiens",1,GPL13534,GSE40279,,,,"Justin Guinney","Nov 21, 2012"
GSM989981,"age 65y 2074","genomic","Homo sapiens",1,GPL13534,GSE40279,,,,"Justin Guinney","Nov 21, 2012"
GSM989982,"age 52y 2075","genomic","Homo sapiens",1,GPL13534,GSE40279,,,,"Justin Guinney","Nov 21, 2012"
GSM989983,"age 32y 2076","genomic","Homo sapiens",1,GPL13534,GSE40279,,,,"Justin Guinney","Nov 21, 2012"
GSM989984,"age 47y 2077","genomic","Homo sapiens",1,GPL13534,GSE40279,,,,"Justin Guinney","Nov 21, 2012"
GSM989985,"age 54y 2078","genomic","Homo sapiens",1,GPL13534,GSE40279,,,,"Justin Guinney","Nov 21, 2012"
GSM989986,"age 63y 2079","genomic","Homo sapiens",1,GPL13534,GSE40279,,,,"Justin Guinney","Nov 21, 2012"
GSM989987,"age 28y 2080","genomic","Homo sapiens",1,GPL13534,GSE40279,,,,"Justin Guinney","Nov 21, 2012"
GSM989988,"age 54y 2081","genomic","Homo sapiens",1,GPL13534,GSE40279,,,,"Justin Guinney","Nov 21, 2012"
GSM989989,"age 59y 2082","genomic","Homo sapiens",1,GPL13534,GSE40279,,,,"Justin Guinney","Nov 21, 2012"
GSM989990,"age 56y 2084","genomic","Homo sapiens",1,GPL13534,GSE40279,,,,"Justin Guinney","Nov 21, 2012"
GSM989991,"age 50y 2085","genomic","Homo sapiens",1,GPL13534,GSE40279,,,,"Justin Guinney","Nov 21, 2012"
GSM989992,"age 30y 2086","genomic","Homo sapiens",1,GPL13534,GSE40279,,,,"Justin Guinney","Nov 21, 2012"
GSM989993,"age 50y 2089","genomic","Homo sapiens",1,GPL13534,GSE40279,,,,"Justin Guinney","Nov 21, 2012"
GSM989994,"age 47y 2090","genomic","Homo sapiens",1,GPL13534,GSE40279,,,,"Justin Guinney","Nov 21, 2012"
GSM989995,"age 47y 2091","genomic","Homo sapiens",1,GPL13534,GSE40279,,,,"Justin Guinney","Nov 21, 2012"
GSM989996,"age 33y 2092","genomic","Homo sapiens",1,GPL13534,GSE40279,,,,"Justin Guinney","Nov 21, 2012"
GSM989997,"age 38y 2093","genomic","Homo sapiens",1,GPL13534,GSE40279,,,,"Justin Guinney","Nov 21, 2012"
GSM989998,"age 35y 2094","genomic","Homo sapiens",1,GPL13534,GSE40279,,,,"Justin Guinney","Nov 21, 2012"
GSM989999,"age 47y 2095","genomic","Homo sapiens",1,GPL13534,GSE40279,,,,"Justin Guinney","Nov 21, 2012"
GSM990000,"age 80y 2096","genomic","Homo sapiens",1,GPL13534,GSE40279,,,,"Justin Guinney","Nov 21, 2012"
GSM990001,"age 86y 3012","genomic","Homo sapiens",1,GPL13534,GSE40279,,,,"Justin Guinney","Nov 21, 2012"
GSM990002,"age 71y 3013","genomic","Homo sapiens",1,GPL13534,GSE40279,,,,"Justin Guinney","Nov 21, 2012"
GSM990003,"age 77y 3014","genomic","Homo sapiens",1,GPL13534,GSE40279,,,,"Justin Guinney","Nov 21, 2012"
GSM990004,"age 67y 3015","genomic","Homo sapiens",1,GPL13534,GSE40279,,,,"Justin Guinney","Nov 21, 2012"
GSM990005,"age 84y 3016","genomic","Homo sapiens",1,GPL13534,GSE40279,,,,"Justin Guinney","Nov 21, 2012"
GSM990006,"age 80y 3017","genomic","Homo sapiens",1,GPL13534,GSE40279,,,,"Justin Guinney","Nov 21, 2012"
GSM990007,"age 70y 3021","genomic","Homo sapiens",1,GPL13534,GSE40279,,,,"Justin Guinney","Nov 21, 2012"
GSM990008,"age 67y 3022","genomic","Homo sapiens",1,GPL13534,GSE40279,,,,"Justin Guinney","Nov 21, 2012"
GSM990009,"age 63y 3023","genomic","Homo sapiens",1,GPL13534,GSE40279,,,,"Justin Guinney","Nov 21, 2012"
GSM990010,"age 70y 3024","genomic","Homo sapiens",1,GPL13534,GSE40279,,,,"Justin Guinney","Nov 21, 2012"
GSM990011,"age 56y 3025","genomic","Homo sapiens",1,GPL13534,GSE40279,,,,"Justin Guinney","Nov 21, 2012"
GSM990012,"age 67y 3026","genomic","Homo sapiens",1,GPL13534,GSE40279,,,,"Justin Guinney","Nov 21, 2012"
GSM990013,"age 70y 3027","genomic","Homo sapiens",1,GPL13534,GSE40279,,,,"Justin Guinney","Nov 21, 2012"
GSM990014,"age 70y 3028","genomic","Homo sapiens",1,GPL13534,GSE40279,,,,"Justin Guinney","Nov 21, 2012"
GSM990015,"age 74y 3031","genomic","Homo sapiens",1,GPL13534,GSE40279,,,,"Justin Guinney","Nov 21, 2012"
GSM990016,"age 73y 3032","genomic","Homo sapiens",1,GPL13534,GSE40279,,,,"Justin Guinney","Nov 21, 2012"
GSM990017,"age 77y 3033","genomic","Homo sapiens",1,GPL13534,GSE40279,,,,"Justin Guinney","Nov 21, 2012"
GSM990018,"age 80y 3034","genomic","Homo sapiens",1,GPL13534,GSE40279,,,,"Justin Guinney","Nov 21, 2012"
GSM990019,"age 66y 3035","genomic","Homo sapiens",1,GPL13534,GSE40279,,,,"Justin Guinney","Nov 21, 2012"
GSM990020,"age 85y 3036","genomic","Homo sapiens",1,GPL13534,GSE40279,,,,"Justin Guinney","Nov 21, 2012"
GSM990021,"age 76y 3037","genomic","Homo sapiens",1,GPL13534,GSE40279,,,,"Justin Guinney","Nov 21, 2012"
GSM990022,"age 78y 3038","genomic","Homo sapiens",1,GPL13534,GSE40279,,,,"Justin Guinney","Nov 21, 2012"
GSM990023,"age 82y 3040","genomic","Homo sapiens",1,GPL13534,GSE40279,,,,"Justin Guinney","Nov 21, 2012"
GSM990024,"age 76y 3041","genomic","Homo sapiens",1,GPL13534,GSE40279,,,,"Justin Guinney","Nov 21, 2012"
GSM990025,"age 71y 3043","genomic","Homo sapiens",1,GPL13534,GSE40279,,,,"Justin Guinney","Nov 21, 2012"
GSM990026,"age 82y 3046","genomic","Homo sapiens",1,GPL13534,GSE40279,,,,"Justin Guinney","Nov 21, 2012"
GSM990027,"age 83y 3047","genomic","Homo sapiens",1,GPL13534,GSE40279,,,,"Justin Guinney","Nov 21, 2012"
GSM990028,"age 79y 3049","genomic","Homo sapiens",1,GPL13534,GSE40279,,,,"Justin Guinney","Nov 21, 2012"
GSM990029,"age 75y 3050","genomic","Homo sapiens",1,GPL13534,GSE40279,,,,"Justin Guinney","Nov 21, 2012"
GSM990030,"age 68y 3051","genomic","Homo sapiens",1,GPL13534,GSE40279,,,,"Justin Guinney","Nov 21, 2012"
GSM990031,"age 64y 3052","genomic","Homo sapiens",1,GPL13534,GSE40279,,,,"Justin Guinney","Nov 21, 2012"
GSM990032,"age 70y 3053","genomic","Homo sapiens",1,GPL13534,GSE40279,,,,"Justin Guinney","Nov 21, 2012"
GSM990033,"age 92y 3056","genomic","Homo sapiens",1,GPL13534,GSE40279,,,,"Justin Guinney","Nov 21, 2012"
GSM990034,"age 74y 3058","genomic","Homo sapiens",1,GPL13534,GSE40279,,,,"Justin Guinney","Nov 21, 2012"
GSM990035,"age 69y 3059","genomic","Homo sapiens",1,GPL13534,GSE40279,,,,"Justin Guinney","Nov 21, 2012"
GSM990036,"age 80y 3060","genomic","Homo sapiens",1,GPL13534,GSE40279,,,,"Justin Guinney","Nov 21, 2012"
GSM990037,"age 63y 3061","genomic","Homo sapiens",1,GPL13534,GSE40279,,,,"Justin Guinney","Nov 21, 2012"
GSM990038,"age 77y 3062","genomic","Homo sapiens",1,GPL13534,GSE40279,,,,"Justin Guinney","Nov 21, 2012"
GSM990039,"age 81y 3063","genomic","Homo sapiens",1,GPL13534,GSE40279,,,,"Justin Guinney","Nov 21, 2012"
GSM990040,"age 82y 3064","genomic","Homo sapiens",1,GPL13534,GSE40279,,,,"Justin Guinney","Nov 21, 2012"
GSM990041,"age 69y 3065","genomic","Homo sapiens",1,GPL13534,GSE40279,,,,"Justin Guinney","Nov 21, 2012"
GSM990042,"age 73y 3066","genomic","Homo sapiens",1,GPL13534,GSE40279,,,,"Justin Guinney","Nov 21, 2012"
GSM990043,"age 66y 3067","genomic","Homo sapiens",1,GPL13534,GSE40279,,,,"Justin Guinney","Nov 21, 2012"
GSM990044,"age 87y 3068","genomic","Homo sapiens",1,GPL13534,GSE40279,,,,"Justin Guinney","Nov 21, 2012"
GSM990045,"age 68y 3069","genomic","Homo sapiens",1,GPL13534,GSE40279,,,,"Justin Guinney","Nov 21, 2012"
GSM990046,"age 69y 3070","genomic","Homo sapiens",1,GPL13534,GSE40279,,,,"Justin Guinney","Nov 21, 2012"
GSM990047,"age 76y 3071","genomic","Homo sapiens",1,GPL13534,GSE40279,,,,"Justin Guinney","Nov 21, 2012"
GSM990048,"age 69y 3072","genomic","Homo sapiens",1,GPL13534,GSE40279,,,,"Justin Guinney","Nov 21, 2012"
GSM990049,"age 81y 3073","genomic","Homo sapiens",1,GPL13534,GSE40279,,,,"Justin Guinney","Nov 21, 2012"
GSM990050,"age 71y 3074","genomic","Homo sapiens",1,GPL13534,GSE40279,,,,"Justin Guinney","Nov 21, 2012"
GSM990051,"age 71y 3075","genomic","Homo sapiens",1,GPL13534,GSE40279,,,,"Justin Guinney","Nov 21, 2012"
GSM990052,"age 75y 3077","genomic","Homo sapiens",1,GPL13534,GSE40279,,,,"Justin Guinney","Nov 21, 2012"
GSM990053,"age 60y 3078","genomic","Homo sapiens",1,GPL13534,GSE40279,,,,"Justin Guinney","Nov 21, 2012"
GSM990054,"age 77y 3079","genomic","Homo sapiens",1,GPL13534,GSE40279,,,,"Justin Guinney","Nov 21, 2012"
GSM990055,"age 85y 3080","genomic","Homo sapiens",1,GPL13534,GSE40279,,,,"Justin Guinney","Nov 21, 2012"
GSM990056,"age 70y 3082","genomic","Homo sapiens",1,GPL13534,GSE40279,,,,"Justin Guinney","Nov 21, 2012"
GSM990057,"age 62y 3083","genomic","Homo sapiens",1,GPL13534,GSE40279,,,,"Justin Guinney","Nov 21, 2012"
GSM990058,"age 69y 3084","genomic","Homo sapiens",1,GPL13534,GSE40279,,,,"Justin Guinney","Nov 21, 2012"
GSM990059,"age 73y 3085","genomic","Homo sapiens",1,GPL13534,GSE40279,,,,"Justin Guinney","Nov 21, 2012"
GSM990060,"age 73y 3086","genomic","Homo sapiens",1,GPL13534,GSE40279,,,,"Justin Guinney","Nov 21, 2012"
GSM990061,"age 74y 3087","genomic","Homo sapiens",1,GPL13534,GSE40279,,,,"Justin Guinney","Nov 21, 2012"
GSM990062,"age 73y 3088","genomic","Homo sapiens",1,GPL13534,GSE40279,,,,"Justin Guinney","Nov 21, 2012"
GSM990063,"age 86y 3089","genomic","Homo sapiens",1,GPL13534,GSE40279,,,,"Justin Guinney","Nov 21, 2012"
GSM990064,"age 83y 3090","genomic","Homo sapiens",1,GPL13534,GSE40279,,,,"Justin Guinney","Nov 21, 2012"
GSM990065,"age 76y 3091","genomic","Homo sapiens",1,GPL13534,GSE40279,,,,"Justin Guinney","Nov 21, 2012"
GSM990066,"age 75y 3092","genomic","Homo sapiens",1,GPL13534,GSE40279,,,,"Justin Guinney","Nov 21, 2012"
GSM990067,"age 64y 3093","genomic","Homo sapiens",1,GPL13534,GSE40279,,,,"Justin Guinney","Nov 21, 2012"
GSM990068,"age 67y 3094","genomic","Homo sapiens",1,GPL13534,GSE40279,,,,"Justin Guinney","Nov 21, 2012"
GSM990069,"age 88y 3096","genomic","Homo sapiens",1,GPL13534,GSE40279,,,,"Justin Guinney","Nov 21, 2012"
GSM990070,"age 48y 5001","genomic","Homo sapiens",1,GPL13534,GSE40279,,,,"Justin Guinney","Nov 21, 2012"
GSM990071,"age 44y 5002","genomic","Homo sapiens",1,GPL13534,GSE40279,,,,"Justin Guinney","Nov 21, 2012"
GSM990072,"age 48y 5004","genomic","Homo sapiens",1,GPL13534,GSE40279,,,,"Justin Guinney","Nov 21, 2012"
GSM990073,"age 62y 5005","genomic","Homo sapiens",1,GPL13534,GSE40279,,,,"Justin Guinney","Nov 21, 2012"
GSM990074,"age 54y 5006","genomic","Homo sapiens",1,GPL13534,GSE40279,,,,"Justin Guinney","Nov 21, 2012"
GSM990075,"age 46y 5007","genomic","Homo sapiens",1,GPL13534,GSE40279,,,,"Justin Guinney","Nov 21, 2012"
GSM990076,"age 60y 5008","genomic","Homo sapiens",1,GPL13534,GSE40279,,,,"Justin Guinney","Nov 21, 2012"
GSM990077,"age 40y 5009","genomic","Homo sapiens",1,GPL13534,GSE40279,,,,"Justin Guinney","Nov 21, 2012"
GSM990078,"age 43y 5010","genomic","Homo sapiens",1,GPL13534,GSE40279,,,,"Justin Guinney","Nov 21, 2012"
GSM990079,"age 41y 5011","genomic","Homo sapiens",1,GPL13534,GSE40279,,,,"Justin Guinney","Nov 21, 2012"
GSM990080,"age 53y 5012","genomic","Homo sapiens",1,GPL13534,GSE40279,,,,"Justin Guinney","Nov 21, 2012"
GSM990081,"age 48y 5013","genomic","Homo sapiens",1,GPL13534,GSE40279,,,,"Justin Guinney","Nov 21, 2012"
GSM990082,"age 71y 5014","genomic","Homo sapiens",1,GPL13534,GSE40279,,,,"Justin Guinney","Nov 21, 2012"
GSM990083,"age 52y 5015","genomic","Homo sapiens",1,GPL13534,GSE40279,,,,"Justin Guinney","Nov 21, 2012"
GSM990084,"age 64y 5016","genomic","Homo sapiens",1,GPL13534,GSE40279,,,,"Justin Guinney","Nov 21, 2012"
GSM990085,"age 48y 5017","genomic","Homo sapiens",1,GPL13534,GSE40279,,,,"Justin Guinney","Nov 21, 2012"
GSM990086,"age 55y 5018","genomic","Homo sapiens",1,GPL13534,GSE40279,,,,"Justin Guinney","Nov 21, 2012"
GSM990087,"age 68y 5019","genomic","Homo sapiens",1,GPL13534,GSE40279,,,,"Justin Guinney","Nov 21, 2012"
GSM990088,"age 46y 5020","genomic","Homo sapiens",1,GPL13534,GSE40279,,,,"Justin Guinney","Nov 21, 2012"
GSM990089,"age 64y 5021","genomic","Homo sapiens",1,GPL13534,GSE40279,,,,"Justin Guinney","Nov 21, 2012"
GSM990090,"age 57y 5022","genomic","Homo sapiens",1,GPL13534,GSE40279,,,,"Justin Guinney","Nov 21, 2012"
GSM990091,"age 45y 5023","genomic","Homo sapiens",1,GPL13534,GSE40279,,,,"Justin Guinney","Nov 21, 2012"
GSM990092,"age 51y 5024","genomic","Homo sapiens",1,GPL13534,GSE40279,,,,"Justin Guinney","Nov 21, 2012"
GSM990093,"age 53y 5025","genomic","Homo sapiens",1,GPL13534,GSE40279,,,,"Justin Guinney","Nov 21, 2012"
GSM990094,"age 60y 5026","genomic","Homo sapiens",1,GPL13534,GSE40279,,,,"Justin Guinney","Nov 21, 2012"
GSM990095,"age 51y 5027","genomic","Homo sapiens",1,GPL13534,GSE40279,,,,"Justin Guinney","Nov 21, 2012"
GSM990096,"age 73y 5028","genomic","Homo sapiens",1,GPL13534,GSE40279,,,,"Justin Guinney","Nov 21, 2012"
GSM990097,"age 38y 5029","genomic","Homo sapiens",1,GPL13534,GSE40279,,,,"Justin Guinney","Nov 21, 2012"
GSM990098,"age 42y 5030","genomic","Homo sapiens",1,GPL13534,GSE40279,,,,"Justin Guinney","Nov 21, 2012"
GSM990099,"age 64y 5032","genomic","Homo sapiens",1,GPL13534,GSE40279,,,,"Justin Guinney","Nov 21, 2012"
GSM990100,"age 58y 5033","genomic","Homo sapiens",1,GPL13534,GSE40279,,,,"Justin Guinney","Nov 21, 2012"
GSM990101,"age 43y 5034","genomic","Homo sapiens",1,GPL13534,GSE40279,,,,"Justin Guinney","Nov 21, 2012"
GSM990102,"age 38y 5035","genomic","Homo sapiens",1,GPL13534,GSE40279,,,,"Justin Guinney","Nov 21, 2012"
GSM990103,"age 54y 5036","genomic","Homo sapiens",1,GPL13534,GSE40279,,,,"Justin Guinney","Nov 21, 2012"
GSM990104,"age 70y 5037","genomic","Homo sapiens",1,GPL13534,GSE40279,,,,"Justin Guinney","Nov 21, 2012"
GSM990105,"age 44y 5038","genomic","Homo sapiens",1,GPL13534,GSE40279,,,,"Justin Guinney","Nov 21, 2012"
GSM990106,"age 62y 5039","genomic","Homo sapiens",1,GPL13534,GSE40279,,,,"Justin Guinney","Nov 21, 2012"
GSM990107,"age 51y 5040","genomic","Homo sapiens",1,GPL13534,GSE40279,,,,"Justin Guinney","Nov 21, 2012"
GSM990108,"age 41y 5041","genomic","Homo sapiens",1,GPL13534,GSE40279,,,,"Justin Guinney","Nov 21, 2012"
GSM990109,"age 53y 5042","genomic","Homo sapiens",1,GPL13534,GSE40279,,,,"Justin Guinney","Nov 21, 2012"
GSM990110,"age 65y 5043","genomic","Homo sapiens",1,GPL13534,GSE40279,,,,"Justin Guinney","Nov 21, 2012"
GSM990111,"age 50y 5044","genomic","Homo sapiens",1,GPL13534,GSE40279,,,,"Justin Guinney","Nov 21, 2012"
GSM990112,"age 55y 5045","genomic","Homo sapiens",1,GPL13534,GSE40279,,,,"Justin Guinney","Nov 21, 2012"
GSM990113,"age 62y 5046","genomic","Homo sapiens",1,GPL13534,GSE40279,,,,"Justin Guinney","Nov 21, 2012"
GSM990114,"age 61y 5047","genomic","Homo sapiens",1,GPL13534,GSE40279,,,,"Justin Guinney","Nov 21, 2012"
GSM990115,"age 38y 5048","genomic","Homo sapiens",1,GPL13534,GSE40279,,,,"Justin Guinney","Nov 21, 2012"
GSM990116,"age 59y 5050","genomic","Homo sapiens",1,GPL13534,GSE40279,,,,"Justin Guinney","Nov 21, 2012"
GSM990117,"age 64y 5051","genomic","Homo sapiens",1,GPL13534,GSE40279,,,,"Justin Guinney","Nov 21, 2012"
GSM990118,"age 57y 5052","genomic","Homo sapiens",1,GPL13534,GSE40279,,,,"Justin Guinney","Nov 21, 2012"
GSM990119,"age 57y 5053","genomic","Homo sapiens",1,GPL13534,GSE40279,,,,"Justin Guinney","Nov 21, 2012"
GSM990120,"age 49y 5054","genomic","Homo sapiens",1,GPL13534,GSE40279,,,,"Justin Guinney","Nov 21, 2012"
GSM990121,"age 64y 5055","genomic","Homo sapiens",1,GPL13534,GSE40279,,,,"Justin Guinney","Nov 21, 2012"
GSM990122,"age 66y 5056","genomic","Homo sapiens",1,GPL13534,GSE40279,,,,"Justin Guinney","Nov 21, 2012"
GSM990268,"age 52y 5057","genomic","Homo sapiens",1,GPL13534,GSE40279,,,,"Justin Guinney","Nov 21, 2012"
GSM990269,"age 43y 5058","genomic","Homo sapiens",1,GPL13534,GSE40279,,,,"Justin Guinney","Nov 21, 2012"
GSM990270,"age 49y 5059","genomic","Homo sapiens",1,GPL13534,GSE40279,,,,"Justin Guinney","Nov 21, 2012"
GSM990271,"age 51y 5060","genomic","Homo sapiens",1,GPL13534,GSE40279,,,,"Justin Guinney","Nov 21, 2012"
GSM990272,"age 58y 5061","genomic","Homo sapiens",1,GPL13534,GSE40279,,,,"Justin Guinney","Nov 21, 2012"
GSM990273,"age 63y 5062","genomic","Homo sapiens",1,GPL13534,GSE40279,,,,"Justin Guinney","Nov 21, 2012"
GSM990274,"age 55y 5063","genomic","Homo sapiens",1,GPL13534,GSE40279,,,,"Justin Guinney","Nov 21, 2012"
GSM990275,"age 50y 5064","genomic","Homo sapiens",1,GPL13534,GSE40279,,,,"Justin Guinney","Nov 21, 2012"
GSM990276,"age 57y 5065","genomic","Homo sapiens",1,GPL13534,GSE40279,,,,"Justin Guinney","Nov 21, 2012"
GSM990277,"age 33y 5066","genomic","Homo sapiens",1,GPL13534,GSE40279,,,,"Justin Guinney","Nov 21, 2012"
GSM990278,"age 46y 5067","genomic","Homo sapiens",1,GPL13534,GSE40279,,,,"Justin Guinney","Nov 21, 2012"
GSM990279,"age 46y 5068","genomic","Homo sapiens",1,GPL13534,GSE40279,,,,"Justin Guinney","Nov 21, 2012"
GSM990280,"age 66y 5069","genomic","Homo sapiens",1,GPL13534,GSE40279,,,,"Justin Guinney","Nov 21, 2012"
GSM990281,"age 55y 5071","genomic","Homo sapiens",1,GPL13534,GSE40279,,,,"Justin Guinney","Nov 21, 2012"
GSM990282,"age 64y 5072","genomic","Homo sapiens",1,GPL13534,GSE40279,,,,"Justin Guinney","Nov 21, 2012"
GSM990283,"age 46y 5074","genomic","Homo sapiens",1,GPL13534,GSE40279,,,,"Justin Guinney","Nov 21, 2012"
GSM990284,"age 66y 5075","genomic","Homo sapiens",1,GPL13534,GSE40279,,,,"Justin Guinney","Nov 21, 2012"
GSM990285,"age 47y 5076","genomic","Homo sapiens",1,GPL13534,GSE40279,,,,"Justin Guinney","Nov 21, 2012"
GSM990286,"age 58y 5077","genomic","Homo sapiens",1,GPL13534,GSE40279,,,,"Justin Guinney","Nov 21, 2012"
GSM990287,"age 61y 5078","genomic","Homo sapiens",1,GPL13534,GSE40279,,,,"Justin Guinney","Nov 21, 2012"
GSM990288,"age 48y 5080","genomic","Homo sapiens",1,GPL13534,GSE40279,,,,"Justin Guinney","Nov 21, 2012"
GSM990289,"age 45y 5081","genomic","Homo sapiens",1,GPL13534,GSE40279,,,,"Justin Guinney","Nov 21, 2012"
GSM990290,"age 62y 5082","genomic","Homo sapiens",1,GPL13534,GSE40279,,,,"Justin Guinney","Nov 21, 2012"
GSM990291,"age 50y 5083","genomic","Homo sapiens",1,GPL13534,GSE40279,,,,"Justin Guinney","Nov 21, 2012"
GSM990292,"age 34y 5084","genomic","Homo sapiens",1,GPL13534,GSE40279,,,,"Justin Guinney","Nov 21, 2012"
GSM990293,"age 64y 5085","genomic","Homo sapiens",1,GPL13534,GSE40279,,,,"Justin Guinney","Nov 21, 2012"
GSM990294,"age 55y 5086","genomic","Homo sapiens",1,GPL13534,GSE40279,,,,"Justin Guinney","Nov 21, 2012"
GSM990295,"age 48y 5087","genomic","Homo sapiens",1,GPL13534,GSE40279,,,,"Justin Guinney","Nov 21, 2012"
GSM990296,"age 60y 5088","genomic","Homo sapiens",1,GPL13534,GSE40279,,,,"Justin Guinney","Nov 21, 2012"
GSM990297,"age 64y 5089","genomic","Homo sapiens",1,GPL13534,GSE40279,,,,"Justin Guinney","Nov 21, 2012"
GSM990298,"age 58y 5090","genomic","Homo sapiens",1,GPL13534,GSE40279,,,,"Justin Guinney","Nov 21, 2012"
GSM990299,"age 37y 5091","genomic","Homo sapiens",1,GPL13534,GSE40279,,,,"Justin Guinney","Nov 21, 2012"
GSM990300,"age 60y 5092","genomic","Homo sapiens",1,GPL13534,GSE40279,,,,"Justin Guinney","Nov 21, 2012"
GSM990301,"age 63y 5093","genomic","Homo sapiens",1,GPL13534,GSE40279,,,,"Justin Guinney","Nov 21, 2012"
GSM990302,"age 59y 5094","genomic","Homo sapiens",1,GPL13534,GSE40279,,,,"Justin Guinney","Nov 21, 2012"
GSM990303,"age 54y 5095","genomic","Homo sapiens",1,GPL13534,GSE40279,,,,"Justin Guinney","Nov 21, 2012"
GSM990304,"age 60y 5096","genomic","Homo sapiens",1,GPL13534,GSE40279,,,,"Justin Guinney","Nov 21, 2012"
GSM990305,"age 51y 6001","genomic","Homo sapiens",1,GPL13534,GSE40279,,,,"Justin Guinney","Nov 21, 2012"
GSM990306,"age 63y 6003","genomic","Homo sapiens",1,GPL13534,GSE40279,,,,"Justin Guinney","Nov 21, 2012"
GSM990307,"age 64y 6004","genomic","Homo sapiens",1,GPL13534,GSE40279,,,,"Justin Guinney","Nov 21, 2012"
GSM990308,"age 64y 6005","genomic","Homo sapiens",1,GPL13534,GSE40279,,,,"Justin Guinney","Nov 21, 2012"
GSM990309,"age 44y 6006","genomic","Homo sapiens",1,GPL13534,GSE40279,,,,"Justin Guinney","Nov 21, 2012"
GSM990310,"age 65y 6007","genomic","Homo sapiens",1,GPL13534,GSE40279,,,,"Justin Guinney","Nov 21, 2012"
GSM990311,"age 66y 6008","genomic","Homo sapiens",1,GPL13534,GSE40279,,,,"Justin Guinney","Nov 21, 2012"
GSM990312,"age 51y 6009","genomic","Homo sapiens",1,GPL13534,GSE40279,,,,"Justin Guinney","Nov 21, 2012"
GSM990313,"age 61y 6011","genomic","Homo sapiens",1,GPL13534,GSE40279,,,,"Justin Guinney","Nov 21, 2012"
GSM990314,"age 52y 6013","genomic","Homo sapiens",1,GPL13534,GSE40279,,,,"Justin Guinney","Nov 21, 2012"
GSM990315,"age 61y 6014","genomic","Homo sapiens",1,GPL13534,GSE40279,,,,"Justin Guinney","Nov 21, 2012"
GSM990316,"age 59y 6015","genomic","Homo sapiens",1,GPL13534,GSE40279,,,,"Justin Guinney","Nov 21, 2012"
GSM990317,"age 57y 6016","genomic","Homo sapiens",1,GPL13534,GSE40279,,,,"Justin Guinney","Nov 21, 2012"
GSM990318,"age 52y 6018","genomic","Homo sapiens",1,GPL13534,GSE40279,,,,"Justin Guinney","Nov 21, 2012"
GSM990319,"age 55y 6019","genomic","Homo sapiens",1,GPL13534,GSE40279,,,,"Justin Guinney","Nov 21, 2012"
GSM990320,"age 59y 6020","genomic","Homo sapiens",1,GPL13534,GSE40279,,,,"Justin Guinney","Nov 21, 2012"
GSM990321,"age 59y 6021","genomic","Homo sapiens",1,GPL13534,GSE40279,,,,"Justin Guinney","Nov 21, 2012"
GSM990322,"age 61y 6022","genomic","Homo sapiens",1,GPL13534,GSE40279,,,,"Justin Guinney","Nov 21, 2012"
GSM990323,"age 46y 6023","genomic","Homo sapiens",1,GPL13534,GSE40279,,,,"Justin Guinney","Nov 21, 2012"
GSM990324,"age 31y 6024","genomic","Homo sapiens",1,GPL13534,GSE40279,,,,"Justin Guinney","Nov 21, 2012"
GSM990325,"age 55y 6025","genomic","Homo sapiens",1,GPL13534,GSE40279,,,,"Justin Guinney","Nov 21, 2012"
GSM990326,"age 53y 6026","genomic","Homo sapiens",1,GPL13534,GSE40279,,,,"Justin Guinney","Nov 21, 2012"
GSM990327,"age 42y 6027","genomic","Homo sapiens",1,GPL13534,GSE40279,,,,"Justin Guinney","Nov 21, 2012"
GSM990328,"age 59y 6028","genomic","Homo sapiens",1,GPL13534,GSE40279,,,,"Justin Guinney","Nov 21, 2012"
GSM990329,"age 50y 6029","genomic","Homo sapiens",1,GPL13534,GSE40279,,,,"Justin Guinney","Nov 21, 2012"
GSM990330,"age 52y 6030","genomic","Homo sapiens",1,GPL13534,GSE40279,,,,"Justin Guinney","Nov 21, 2012"
GSM990331,"age 45y 6031","genomic","Homo sapiens",1,GPL13534,GSE40279,,,,"Justin Guinney","Nov 21, 2012"
GSM990332,"age 65y 6032","genomic","Homo sapiens",1,GPL13534,GSE40279,,,,"Justin Guinney","Nov 21, 2012"
GSM990333,"age 59y 6033","genomic","Homo sapiens",1,GPL13534,GSE40279,,,,"Justin Guinney","Nov 21, 2012"
GSM990334,"age 58y 6034","genomic","Homo sapiens",1,GPL13534,GSE40279,,,,"Justin Guinney","Nov 21, 2012"
GSM990335,"age 64y 6035","genomic","Homo sapiens",1,GPL13534,GSE40279,,,,"Justin Guinney","Nov 21, 2012"
GSM990336,"age 61y 6036","genomic","Homo sapiens",1,GPL13534,GSE40279,,,,"Justin Guinney","Nov 21, 2012"
GSM990337,"age 67y 6037","genomic","Homo sapiens",1,GPL13534,GSE40279,,,,"Justin Guinney","Nov 21, 2012"
GSM990338,"age 59y 6038","genomic","Homo sapiens",1,GPL13534,GSE40279,,,,"Justin Guinney","Nov 21, 2012"
GSM990339,"age 58y 6039","genomic","Homo sapiens",1,GPL13534,GSE40279,,,,"Justin Guinney","Nov 21, 2012"
GSM990340,"age 54y 6040","genomic","Homo sapiens",1,GPL13534,GSE40279,,,,"Justin Guinney","Nov 21, 2012"
GSM990341,"age 57y 6041","genomic","Homo sapiens",1,GPL13534,GSE40279,,,,"Justin Guinney","Nov 21, 2012"
GSM990342,"age 60y 6042","genomic","Homo sapiens",1,GPL13534,GSE40279,,,,"Justin Guinney","Nov 21, 2012"
GSM990343,"age 50y 6043","genomic","Homo sapiens",1,GPL13534,GSE40279,,,,"Justin Guinney","Nov 21, 2012"
GSM990344,"age 57y 6044","genomic","Homo sapiens",1,GPL13534,GSE40279,,,,"Justin Guinney","Nov 21, 2012"
GSM990345,"age 66y 6045","genomic","Homo sapiens",1,GPL13534,GSE40279,,,,"Justin Guinney","Nov 21, 2012"
GSM990346,"age 44y 6046","genomic","Homo sapiens",1,GPL13534,GSE40279,,,,"Justin Guinney","Nov 21, 2012"
GSM990347,"age 62y 6047","genomic","Homo sapiens",1,GPL13534,GSE40279,,,,"Justin Guinney","Nov 21, 2012"
GSM990348,"age 76y 6048","genomic","Homo sapiens",1,GPL13534,GSE40279,,,,"Justin Guinney","Nov 21, 2012"
GSM990349,"age 48y 6049","genomic","Homo sapiens",1,GPL13534,GSE40279,,,,"Justin Guinney","Nov 21, 2012"
GSM990350,"age 46y 6050","genomic","Homo sapiens",1,GPL13534,GSE40279,,,,"Justin Guinney","Nov 21, 2012"
GSM990351,"age 41y 6051","genomic","Homo sapiens",1,GPL13534,GSE40279,,,,"Justin Guinney","Nov 21, 2012"
GSM990352,"age 59y 6052","genomic","Homo sapiens",1,GPL13534,GSE40279,,,,"Justin Guinney","Nov 21, 2012"
GSM990353,"age 52y 6053","genomic","Homo sapiens",1,GPL13534,GSE40279,,,,"Justin Guinney","Nov 21, 2012"
GSM990354,"age 50y 6054","genomic","Homo sapiens",1,GPL13534,GSE40279,,,,"Justin Guinney","Nov 21, 2012"
GSM990355,"age 45y 6055","genomic","Homo sapiens",1,GPL13534,GSE40279,,,,"Justin Guinney","Nov 21, 2012"
GSM990356,"age 52y 6056","genomic","Homo sapiens",1,GPL13534,GSE40279,,,,"Justin Guinney","Nov 21, 2012"
GSM990357,"age 54y 6057","genomic","Homo sapiens",1,GPL13534,GSE40279,,,,"Justin Guinney","Nov 21, 2012"
GSM990358,"age 62y 6058","genomic","Homo sapiens",1,GPL13534,GSE40279,,,,"Justin Guinney","Nov 21, 2012"
GSM990359,"age 62y 6059","genomic","Homo sapiens",1,GPL13534,GSE40279,,,,"Justin Guinney","Nov 21, 2012"
GSM990360,"age 63y 6060","genomic","Homo sapiens",1,GPL13534,GSE40279,,,,"Justin Guinney","Nov 21, 2012"
GSM990361,"age 55y 6061","genomic","Homo sapiens",1,GPL13534,GSE40279,,,,"Justin Guinney","Nov 21, 2012"
GSM990362,"age 60y 6062","genomic","Homo sapiens",1,GPL13534,GSE40279,,,,"Justin Guinney","Nov 21, 2012"
GSM990363,"age 65y 6063","genomic","Homo sapiens",1,GPL13534,GSE40279,,,,"Justin Guinney","Nov 21, 2012"
GSM990364,"age 64y 6064","genomic","Homo sapiens",1,GPL13534,GSE40279,,,,"Justin Guinney","Nov 21, 2012"
GSM990365,"age 57y 6065","genomic","Homo sapiens",1,GPL13534,GSE40279,,,,"Justin Guinney","Nov 21, 2012"
GSM990366,"age 63y 6066","genomic","Homo sapiens",1,GPL13534,GSE40279,,,,"Justin Guinney","Nov 21, 2012"
GSM990367,"age 40y 6067","genomic","Homo sapiens",1,GPL13534,GSE40279,,,,"Justin Guinney","Nov 21, 2012"
GSM990368,"age 57y 6068","genomic","Homo sapiens",1,GPL13534,GSE40279,,,,"Justin Guinney","Nov 21, 2012"
GSM990369,"age 38y 6069","genomic","Homo sapiens",1,GPL13534,GSE40279,,,,"Justin Guinney","Nov 21, 2012"
GSM990370,"age 64y 6070","genomic","Homo sapiens",1,GPL13534,GSE40279,,,,"Justin Guinney","Nov 21, 2012"
GSM990371,"age 59y 6071","genomic","Homo sapiens",1,GPL13534,GSE40279,,,,"Justin Guinney","Nov 21, 2012"
GSM990372,"age 58y 6072","genomic","Homo sapiens",1,GPL13534,GSE40279,,,,"Justin Guinney","Nov 21, 2012"
GSM990373,"age 41y 6073","genomic","Homo sapiens",1,GPL13534,GSE40279,,,,"Justin Guinney","Nov 21, 2012"
GSM990374,"age 58y 6074","genomic","Homo sapiens",1,GPL13534,GSE40279,,,,"Justin Guinney","Nov 21, 2012"
GSM990375,"age 26y 6075","genomic","Homo sapiens",1,GPL13534,GSE40279,,,,"Justin Guinney","Nov 21, 2012"
GSM990376,"age 61y 6076","genomic","Homo sapiens",1,GPL13534,GSE40279,,,,"Justin Guinney","Nov 21, 2012"
GSM990377,"age 56y 6077","genomic","Homo sapiens",1,GPL13534,GSE40279,,,,"Justin Guinney","Nov 21, 2012"
GSM990378,"age 66y 6078","genomic","Homo sapiens",1,GPL13534,GSE40279,,,,"Justin Guinney","Nov 21, 2012"
GSM990379,"age 62y 6079","genomic","Homo sapiens",1,GPL13534,GSE40279,,,,"Justin Guinney","Nov 21, 2012"
GSM990380,"age 56y 6080","genomic","Homo sapiens",1,GPL13534,GSE40279,,,,"Justin Guinney","Nov 21, 2012"
GSM990381,"age 55y 6081","genomic","Homo sapiens",1,GPL13534,GSE40279,,,,"Justin Guinney","Nov 21, 2012"
GSM990382,"age 61y 6082","genomic","Homo sapiens",1,GPL13534,GSE40279,,,,"Justin Guinney","Nov 21, 2012"
GSM990383,"age 58y 6083","genomic","Homo sapiens",1,GPL13534,GSE40279,,,,"Justin Guinney","Nov 21, 2012"
GSM990384,"age 53y 6084","genomic","Homo sapiens",1,GPL13534,GSE40279,,,,"Justin Guinney","Nov 21, 2012"
GSM990385,"age 63y 6085","genomic","Homo sapiens",1,GPL13534,GSE40279,,,,"Justin Guinney","Nov 21, 2012"
GSM990386,"age 59y 6086","genomic","Homo sapiens",1,GPL13534,GSE40279,,,,"Justin Guinney","Nov 21, 2012"
GSM990387,"age 61y 6087","genomic","Homo sapiens",1,GPL13534,GSE40279,,,,"Justin Guinney","Nov 21, 2012"
GSM990388,"age 66y 6088","genomic","Homo sapiens",1,GPL13534,GSE40279,,,,"Justin Guinney","Nov 21, 2012"
GSM990389,"age 65y 6089","genomic","Homo sapiens",1,GPL13534,GSE40279,,,,"Justin Guinney","Nov 21, 2012"
GSM990390,"age 58y 6090","genomic","Homo sapiens",1,GPL13534,GSE40279,,,,"Justin Guinney","Nov 21, 2012"
GSM990391,"age 43y 6091","genomic","Homo sapiens",1,GPL13534,GSE40279,,,,"Justin Guinney","Nov 21, 2012"
GSM990392,"age 55y 6092","genomic","Homo sapiens",1,GPL13534,GSE40279,,,,"Justin Guinney","Nov 21, 2012"
GSM990393,"age 47y 6093","genomic","Homo sapiens",1,GPL13534,GSE40279,,,,"Justin Guinney","Nov 21, 2012"
GSM990394,"age 50y 6094","genomic","Homo sapiens",1,GPL13534,GSE40279,,,,"Justin Guinney","Nov 21, 2012"
GSM990395,"age 46y 6095","genomic","Homo sapiens",1,GPL13534,GSE40279,,,,"Justin Guinney","Nov 21, 2012"
GSM990396,"age 54y 6096","genomic","Homo sapiens",1,GPL13534,GSE40279,,,,"Justin Guinney","Nov 21, 2012"
GSM990397,"age 80y 8001","genomic","Homo sapiens",1,GPL13534,GSE40279,,,,"Justin Guinney","Nov 21, 2012"
GSM990398,"age 83y 8002","genomic","Homo sapiens",1,GPL13534,GSE40279,,,,"Justin Guinney","Nov 21, 2012"
GSM990399,"age 77y 8003","genomic","Homo sapiens",1,GPL13534,GSE40279,,,,"Justin Guinney","Nov 21, 2012"
GSM990400,"age 76y 8004","genomic","Homo sapiens",1,GPL13534,GSE40279,,,,"Justin Guinney","Nov 21, 2012"
GSM990401,"age 64y 8007","genomic","Homo sapiens",1,GPL13534,GSE40279,,,,"Justin Guinney","Nov 21, 2012"
GSM990402,"age 70y 8008","genomic","Homo sapiens",1,GPL13534,GSE40279,,,,"Justin Guinney","Nov 21, 2012"
GSM990403,"age 82y 8009","genomic","Homo sapiens",1,GPL13534,GSE40279,,,,"Justin Guinney","Nov 21, 2012"
GSM990404,"age 58y 8010","genomic","Homo sapiens",1,GPL13534,GSE40279,,,,"Justin Guinney","Nov 21, 2012"
GSM990405,"age 66y 8012","genomic","Homo sapiens",1,GPL13534,GSE40279,,,,"Justin Guinney","Nov 21, 2012"
GSM990406,"age 85y 8013","genomic","Homo sapiens",1,GPL13534,GSE40279,,,,"Justin Guinney","Nov 21, 2012"
GSM990407,"age 66y 8014","genomic","Homo sapiens",1,GPL13534,GSE40279,,,,"Justin Guinney","Nov 21, 2012"
GSM990408,"age 69y 8015","genomic","Homo sapiens",1,GPL13534,GSE40279,,,,"Justin Guinney","Nov 21, 2012"
GSM990409,"age 84y 8016","genomic","Homo sapiens",1,GPL13534,GSE40279,,,,"Justin Guinney","Nov 21, 2012"
GSM990410,"age 79y 8017","genomic","Homo sapiens",1,GPL13534,GSE40279,,,,"Justin Guinney","Nov 21, 2012"
GSM990411,"age 64y 8018","genomic","Homo sapiens",1,GPL13534,GSE40279,,,,"Justin Guinney","Nov 21, 2012"
GSM990412,"age 78y 8019","genomic","Homo sapiens",1,GPL13534,GSE40279,,,,"Justin Guinney","Nov 21, 2012"
GSM990413,"age 53y 8020","genomic","Homo sapiens",1,GPL13534,GSE40279,,,,"Justin Guinney","Nov 21, 2012"
GSM990414,"age 59y 8021","genomic","Homo sapiens",1,GPL13534,GSE40279,,,,"Justin Guinney","Nov 21, 2012"
GSM990415,"age 65y 8022","genomic","Homo sapiens",1,GPL13534,GSE40279,,,,"Justin Guinney","Nov 21, 2012"
GSM990416,"age 61y 8023","genomic","Homo sapiens",1,GPL13534,GSE40279,,,,"Justin Guinney","Nov 21, 2012"
GSM990417,"age 58y 8024","genomic","Homo sapiens",1,GPL13534,GSE40279,,,,"Justin Guinney","Nov 21, 2012"
GSM990418,"age 69y 8025","genomic","Homo sapiens",1,GPL13534,GSE40279,,,,"Justin Guinney","Nov 21, 2012"
GSM990419,"age 60y 8026","genomic","Homo sapiens",1,GPL13534,GSE40279,,,,"Justin Guinney","Nov 21, 2012"
GSM990420,"age 65y 8027","genomic","Homo sapiens",1,GPL13534,GSE40279,,,,"Justin Guinney","Nov 21, 2012"
GSM990421,"age 89y 8028","genomic","Homo sapiens",1,GPL13534,GSE40279,,,,"Justin Guinney","Nov 21, 2012"
GSM990422,"age 74y 8029","genomic","Homo sapiens",1,GPL13534,GSE40279,,,,"Justin Guinney","Nov 21, 2012"
GSM990423,"age 81y 8031","genomic","Homo sapiens",1,GPL13534,GSE40279,,,,"Justin Guinney","Nov 21, 2012"
GSM990424,"age 68y 8032","genomic","Homo sapiens",1,GPL13534,GSE40279,,,,"Justin Guinney","Nov 21, 2012"
GSM990425,"age 68y 8033","genomic","Homo sapiens",1,GPL13534,GSE40279,,,,"Justin Guinney","Nov 21, 2012"
GSM990426,"age 65y 8034","genomic","Homo sapiens",1,GPL13534,GSE40279,,,,"Justin Guinney","Nov 21, 2012"
GSM990427,"age 90y 8035","genomic","Homo sapiens",1,GPL13534,GSE40279,,,,"Justin Guinney","Nov 21, 2012"
GSM990428,"age 66y 8036","genomic","Homo sapiens",1,GPL13534,GSE40279,,,,"Justin Guinney","Nov 21, 2012"
GSM990429,"age 79y 8037","genomic","Homo sapiens",1,GPL13534,GSE40279,,,,"Justin Guinney","Nov 21, 2012"
GSM990430,"age 57y 8038","genomic","Homo sapiens",1,GPL13534,GSE40279,,,,"Justin Guinney","Nov 21, 2012"
GSM990431,"age 76y 8039","genomic","Homo sapiens",1,GPL13534,GSE40279,,,,"Justin Guinney","Nov 21, 2012"
GSM990432,"age 79y 8040","genomic","Homo sapiens",1,GPL13534,GSE40279,,,,"Justin Guinney","Nov 21, 2012"
GSM990433,"age 49y 8041","genomic","Homo sapiens",1,GPL13534,GSE40279,,,,"Justin Guinney","Nov 21, 2012"
GSM990434,"age 92y 8043","genomic","Homo sapiens",1,GPL13534,GSE40279,,,,"Justin Guinney","Nov 21, 2012"
GSM990435,"age 66y 8044","genomic","Homo sapiens",1,GPL13534,GSE40279,,,,"Justin Guinney","Nov 21, 2012"
GSM990436,"age 59y 8045","genomic","Homo sapiens",1,GPL13534,GSE40279,,,,"Justin Guinney","Nov 21, 2012"
GSM990437,"age 76y 8046","genomic","Homo sapiens",1,GPL13534,GSE40279,,,,"Justin Guinney","Nov 21, 2012"
GSM990438,"age 56y 8047","genomic","Homo sapiens",1,GPL13534,GSE40279,,,,"Justin Guinney","Nov 21, 2012"
GSM990439,"age 52y 8049","genomic","Homo sapiens",1,GPL13534,GSE40279,,,,"Justin Guinney","Nov 21, 2012"
GSM990440,"age 65y 8050","genomic","Homo sapiens",1,GPL13534,GSE40279,,,,"Justin Guinney","Nov 21, 2012"
GSM990441,"age 73y 8051","genomic","Homo sapiens",1,GPL13534,GSE40279,,,,"Justin Guinney","Nov 21, 2012"
GSM990442,"age 65y 8053","genomic","Homo sapiens",1,GPL13534,GSE40279,,,,"Justin Guinney","Nov 21, 2012"
GSM990443,"age 84y 8054","genomic","Homo sapiens",1,GPL13534,GSE40279,,,,"Justin Guinney","Nov 21, 2012"
GSM990444,"age 51y 8055","genomic","Homo sapiens",1,GPL13534,GSE40279,,,,"Justin Guinney","Nov 21, 2012"
GSM990445,"age 78y 8056","genomic","Homo sapiens",1,GPL13534,GSE40279,,,,"Justin Guinney","Nov 21, 2012"
GSM990446,"age 53y 8057","genomic","Homo sapiens",1,GPL13534,GSE40279,,,,"Justin Guinney","Nov 21, 2012"
GSM990447,"age 68y 8059","genomic","Homo sapiens",1,GPL13534,GSE40279,,,,"Justin Guinney","Nov 21, 2012"
GSM990448,"age 52y 8060","genomic","Homo sapiens",1,GPL13534,GSE40279,,,,"Justin Guinney","Nov 21, 2012"
GSM990449,"age 72y 8061","genomic","Homo sapiens",1,GPL13534,GSE40279,,,,"Justin Guinney","Nov 21, 2012"
GSM990450,"age 48y 8062","genomic","Homo sapiens",1,GPL13534,GSE40279,,,,"Justin Guinney","Nov 21, 2012"
GSM990451,"age 60y 8063","genomic","Homo sapiens",1,GPL13534,GSE40279,,,,"Justin Guinney","Nov 21, 2012"
GSM990452,"age 61y 8064","genomic","Homo sapiens",1,GPL13534,GSE40279,,,,"Justin Guinney","Nov 21, 2012"
GSM990453,"age 69y 8065","genomic","Homo sapiens",1,GPL13534,GSE40279,,,,"Justin Guinney","Nov 21, 2012"
GSM990454,"age 81y 8066","genomic","Homo sapiens",1,GPL13534,GSE40279,,,,"Justin Guinney","Nov 21, 2012"
GSM990455,"age 56y 8067","genomic","Homo sapiens",1,GPL13534,GSE40279,,,,"Justin Guinney","Nov 21, 2012"
GSM990456,"age 79y 8068","genomic","Homo sapiens",1,GPL13534,GSE40279,,,,"Justin Guinney","Nov 21, 2012"
GSM990457,"age 82y 8069","genomic","Homo sapiens",1,GPL13534,GSE40279,,,,"Justin Guinney","Nov 21, 2012"
GSM990458,"age 58y 8070","genomic","Homo sapiens",1,GPL13534,GSE40279,,,,"Justin Guinney","Nov 21, 2012"
GSM990459,"age 75y 8071","genomic","Homo sapiens",1,GPL13534,GSE40279,,,,"Justin Guinney","Nov 21, 2012"
GSM990460,"age 78y 8072","genomic","Homo sapiens",1,GPL13534,GSE40279,,,,"Justin Guinney","Nov 21, 2012"
GSM990461,"age 57y 8076","genomic","Homo sapiens",1,GPL13534,GSE40279,,,,"Justin Guinney","Nov 21, 2012"
GSM990462,"age 70y 8077","genomic","Homo sapiens",1,GPL13534,GSE40279,,,,"Justin Guinney","Nov 21, 2012"
GSM990463,"age 77y 8078","genomic","Homo sapiens",1,GPL13534,GSE40279,,,,"Justin Guinney","Nov 21, 2012"
GSM990464,"age 56y 8080","genomic","Homo sapiens",1,GPL13534,GSE40279,,,,"Justin Guinney","Nov 21, 2012"
GSM990465,"age 67y 8081","genomic","Homo sapiens",1,GPL13534,GSE40279,,,,"Justin Guinney","Nov 21, 2012"
GSM990466,"age 76y 8082","genomic","Homo sapiens",1,GPL13534,GSE40279,,,,"Justin Guinney","Nov 21, 2012"
GSM990467,"age 89y 8083","genomic","Homo sapiens",1,GPL13534,GSE40279,,,,"Justin Guinney","Nov 21, 2012"
GSM990468,"age 69y 8084","genomic","Homo sapiens",1,GPL13534,GSE40279,,,,"Justin Guinney","Nov 21, 2012"
GSM990469,"age 79y 8085","genomic","Homo sapiens",1,GPL13534,GSE40279,,,,"Justin Guinney","Nov 21, 2012"
GSM990470,"age 80y 8086","genomic","Homo sapiens",1,GPL13534,GSE40279,,,,"Justin Guinney","Nov 21, 2012"
GSM990471,"age 76y 8087","genomic","Homo sapiens",1,GPL13534,GSE40279,,,,"Justin Guinney","Nov 21, 2012"
GSM990472,"age 48y 8088","genomic","Homo sapiens",1,GPL13534,GSE40279,,,,"Justin Guinney","Nov 21, 2012"
GSM990473,"age 61y 8089","genomic","Homo sapiens",1,GPL13534,GSE40279,,,,"Justin Guinney","Nov 21, 2012"
GSM990474,"age 52y 8090","genomic","Homo sapiens",1,GPL13534,GSE40279,,,,"Justin Guinney","Nov 21, 2012"
GSM990475,"age 69y 8092","genomic","Homo sapiens",1,GPL13534,GSE40279,,,,"Justin Guinney","Nov 21, 2012"
GSM990476,"age 41y 8093","genomic","Homo sapiens",1,GPL13534,GSE40279,,,,"Justin Guinney","Nov 21, 2012"
GSM990477,"age 69y 8094","genomic","Homo sapiens",1,GPL13534,GSE40279,,,,"Justin Guinney","Nov 21, 2012"
GSM990478,"age 65y 9001","genomic","Homo sapiens",1,GPL13534,GSE40279,,,,"Justin Guinney","Nov 21, 2012"
GSM990479,"age 45y 9002","genomic","Homo sapiens",1,GPL13534,GSE40279,,,,"Justin Guinney","Nov 21, 2012"
GSM990480,"age 66y 9003","genomic","Homo sapiens",1,GPL13534,GSE40279,,,,"Justin Guinney","Nov 21, 2012"
GSM990481,"age 76y 9004","genomic","Homo sapiens",1,GPL13534,GSE40279,,,,"Justin Guinney","Nov 21, 2012"
GSM990482,"age 76y 9005","genomic","Homo sapiens",1,GPL13534,GSE40279,,,,"Justin Guinney","Nov 21, 2012"
GSM990483,"age 45y 9006","genomic","Homo sapiens",1,GPL13534,GSE40279,,,,"Justin Guinney","Nov 21, 2012"
GSM990484,"age 71y 9007","genomic","Homo sapiens",1,GPL13534,GSE40279,,,,"Justin Guinney","Nov 21, 2012"
GSM990485,"age 52y 9009","genomic","Homo sapiens",1,GPL13534,GSE40279,,,,"Justin Guinney","Nov 21, 2012"
GSM990486,"age 84y 9011","genomic","Homo sapiens",1,GPL13534,GSE40279,,,,"Justin Guinney","Nov 21, 2012"
GSM990487,"age 57y 9012","genomic","Homo sapiens",1,GPL13534,GSE40279,,,,"Justin Guinney","Nov 21, 2012"
GSM990488,"age 68y 9013","genomic","Homo sapiens",1,GPL13534,GSE40279,,,,"Justin Guinney","Nov 21, 2012"
GSM990489,"age 74y 9014","genomic","Homo sapiens",1,GPL13534,GSE40279,,,,"Justin Guinney","Nov 21, 2012"
GSM990490,"age 33y 9015","genomic","Homo sapiens",1,GPL13534,GSE40279,,,,"Justin Guinney","Nov 21, 2012"
GSM990491,"age 68y 9018","genomic","Homo sapiens",1,GPL13534,GSE40279,,,,"Justin Guinney","Nov 21, 2012"
GSM990492,"age 73y 9019","genomic","Homo sapiens",1,GPL13534,GSE40279,,,,"Justin Guinney","Nov 21, 2012"
GSM990493,"age 79y 9020","genomic","Homo sapiens",1,GPL13534,GSE40279,,,,"Justin Guinney","Nov 21, 2012"
GSM990494,"age 72y 9021","genomic","Homo sapiens",1,GPL13534,GSE40279,,,,"Justin Guinney","Nov 21, 2012"
GSM990495,"age 78y 9022","genomic","Homo sapiens",1,GPL13534,GSE40279,,,,"Justin Guinney","Nov 21, 2012"
GSM990496,"age 68y 9023","genomic","Homo sapiens",1,GPL13534,GSE40279,,,,"Justin Guinney","Nov 21, 2012"
GSM990497,"age 52y 9024","genomic","Homo sapiens",1,GPL13534,GSE40279,,,,"Justin Guinney","Nov 21, 2012"
GSM990498,"age 64y 9025","genomic","Homo sapiens",1,GPL13534,GSE40279,,,,"Justin Guinney","Nov 21, 2012"
GSM990499,"age 27y 9026","genomic","Homo sapiens",1,GPL13534,GSE40279,,,,"Justin Guinney","Nov 21, 2012"
GSM990500,"age 29y 9027","genomic","Homo sapiens",1,GPL13534,GSE40279,,,,"Justin Guinney","Nov 21, 2012"
GSM990501,"age 44y 9028","genomic","Homo sapiens",1,GPL13534,GSE40279,,,,"Justin Guinney","Nov 21, 2012"
GSM990502,"age 41y 9030","genomic","Homo sapiens",1,GPL13534,GSE40279,,,,"Justin Guinney","Nov 21, 2012"
GSM990503,"age 45y 9031","genomic","Homo sapiens",1,GPL13534,GSE40279,,,,"Justin Guinney","Nov 21, 2012"
GSM990504,"age 27y 9032","genomic","Homo sapiens",1,GPL13534,GSE40279,,,,"Justin Guinney","Nov 21, 2012"
GSM990505,"age 48y 9033","genomic","Homo sapiens",1,GPL13534,GSE40279,,,,"Justin Guinney","Nov 21, 2012"
GSM990506,"age 56y 9034","genomic","Homo sapiens",1,GPL13534,GSE40279,,,,"Justin Guinney","Nov 21, 2012"
GSM990507,"age 34y 9035","genomic","Homo sapiens",1,GPL13534,GSE40279,,,,"Justin Guinney","Nov 21, 2012"
GSM990508,"age 69y 9036","genomic","Homo sapiens",1,GPL13534,GSE40279,,,,"Justin Guinney","Nov 21, 2012"
GSM990509,"age 56y 9037","genomic","Homo sapiens",1,GPL13534,GSE40279,,,,"Justin Guinney","Nov 21, 2012"
GSM990510,"age 47y 9039","genomic","Homo sapiens",1,GPL13534,GSE40279,,,,"Justin Guinney","Nov 21, 2012"
GSM990511,"age 56y 9040","genomic","Homo sapiens",1,GPL13534,GSE40279,,,,"Justin Guinney","Nov 21, 2012"
GSM990512,"age 60y 9041","genomic","Homo sapiens",1,GPL13534,GSE40279,,,,"Justin Guinney","Nov 21, 2012"
GSM990513,"age 75y 9042","genomic","Homo sapiens",1,GPL13534,GSE40279,,,,"Justin Guinney","Nov 21, 2012"
GSM990514,"age 60y 9043","genomic","Homo sapiens",1,GPL13534,GSE40279,,,,"Justin Guinney","Nov 21, 2012"
GSM990515,"age 47y 9044","genomic","Homo sapiens",1,GPL13534,GSE40279,,,,"Justin Guinney","Nov 21, 2012"
GSM990516,"age 55y 9045","genomic","Homo sapiens",1,GPL13534,GSE40279,,,,"Justin Guinney","Nov 21, 2012"
GSM990517,"age 32y 9048","genomic","Homo sapiens",1,GPL13534,GSE40279,,,,"Justin Guinney","Nov 21, 2012"
GSM990518,"age 23y 9058","genomic","Homo sapiens",1,GPL13534,GSE40279,,,,"Justin Guinney","Nov 21, 2012"
GSM990519,"age 43y 9084","genomic","Homo sapiens",1,GPL13534,GSE40279,,,,"Justin Guinney","Nov 21, 2012"
GSM990520,"age 47y 9085","genomic","Homo sapiens",1,GPL13534,GSE40279,,,,"Justin Guinney","Nov 21, 2012"
GSM990521,"age 44y 9086","genomic","Homo sapiens",1,GPL13534,GSE40279,,,,"Justin Guinney","Nov 21, 2012"
GSM990522,"age 37y 9087","genomic","Homo sapiens",1,GPL13534,GSE40279,,,,"Justin Guinney","Nov 21, 2012"
GSM990523,"age 27y 9089","genomic","Homo sapiens",1,GPL13534,GSE40279,,,,"Justin Guinney","Nov 21, 2012"
GSM990524,"age 69y 9090","genomic","Homo sapiens",1,GPL13534,GSE40279,,,,"Justin Guinney","Nov 21, 2012"
GSM990525,"age 28y 9091","genomic","Homo sapiens",1,GPL13534,GSE40279,,,,"Justin Guinney","Nov 21, 2012"
GSM990526,"age 51y 10001","genomic","Homo sapiens",1,GPL13534,GSE40279,,,,"Justin Guinney","Nov 21, 2012"
GSM990527,"age 57y 10004","genomic","Homo sapiens",1,GPL13534,GSE40279,,,,"Justin Guinney","Nov 21, 2012"
GSM990528,"age 19y 10008","genomic","Homo sapiens",1,GPL13534,GSE40279,,,,"Justin Guinney","Nov 21, 2012"
GSM990529,"age 44y 10011","genomic","Homo sapiens",1,GPL13534,GSE40279,,,,"Justin Guinney","Nov 21, 2012"
GSM990530,"age 49y 10017","genomic","Homo sapiens",1,GPL13534,GSE40279,,,,"Justin Guinney","Nov 21, 2012"
GSM990531,"age 34y 10019","genomic","Homo sapiens",1,GPL13534,GSE40279,,,,"Justin Guinney","Nov 21, 2012"
GSM990532,"age 44y 10020","genomic","Homo sapiens",1,GPL13534,GSE40279,,,,"Justin Guinney","Nov 21, 2012"
GSM990533,"age 62y 10021","genomic","Homo sapiens",1,GPL13534,GSE40279,,,,"Justin Guinney","Nov 21, 2012"
GSM990534,"age 30y 10033","genomic","Homo sapiens",1,GPL13534,GSE40279,,,,"Justin Guinney","Nov 21, 2012"
GSM990535,"age 49y 10034","genomic","Homo sapiens",1,GPL13534,GSE40279,,,,"Justin Guinney","Nov 21, 2012"
GSM990536,"age 36y 10036","genomic","Homo sapiens",1,GPL13534,GSE40279,,,,"Justin Guinney","Nov 21, 2012"
GSM990537,"age 25y 10038","genomic","Homo sapiens",1,GPL13534,GSE40279,,,,"Justin Guinney","Nov 21, 2012"
GSM990538,"age 36y 10040","genomic","Homo sapiens",1,GPL13534,GSE40279,,,,"Justin Guinney","Nov 21, 2012"
GSM990539,"age 21y 10041","genomic","Homo sapiens",1,GPL13534,GSE40279,,,,"Justin Guinney","Nov 21, 2012"
GSM990540,"age 40y 10044","genomic","Homo sapiens",1,GPL13534,GSE40279,,,,"Justin Guinney","Nov 21, 2012"
GSM990541,"age 22y 10046","genomic","Homo sapiens",1,GPL13534,GSE40279,,,,"Justin Guinney","Nov 21, 2012"
GSM990542,"age 36y 10047","genomic","Homo sapiens",1,GPL13534,GSE40279,,,,"Justin Guinney","Nov 21, 2012"
GSM990543,"age 58y 11002","genomic","Homo sapiens",1,GPL13534,GSE40279,,,,"Justin Guinney","Nov 21, 2012"
GSM990544,"age 83y 11005","genomic","Homo sapiens",1,GPL13534,GSE40279,,,,"Justin Guinney","Nov 21, 2012"
GSM990545,"age 69y 11006","genomic","Homo sapiens",1,GPL13534,GSE40279,,,,"Justin Guinney","Nov 21, 2012"
GSM990546,"age 89y 11007","genomic","Homo sapiens",1,GPL13534,GSE40279,,,,"Justin Guinney","Nov 21, 2012"
GSM990547,"age 89y 11008","genomic","Homo sapiens",1,GPL13534,GSE40279,,,,"Justin Guinney","Nov 21, 2012"
GSM990548,"age 66y 11009","genomic","Homo sapiens",1,GPL13534,GSE40279,,,,"Justin Guinney","Nov 21, 2012"
GSM990549,"age 55y 11010","genomic","Homo sapiens",1,GPL13534,GSE40279,,,,"Justin Guinney","Nov 21, 2012"
GSM990550,"age 82y 11011","genomic","Homo sapiens",1,GPL13534,GSE40279,,,,"Justin Guinney","Nov 21, 2012"
GSM990551,"age 73y 11012","genomic","Homo sapiens",1,GPL13534,GSE40279,,,,"Justin Guinney","Nov 21, 2012"
GSM990552,"age 77y 11013","genomic","Homo sapiens",1,GPL13534,GSE40279,,,,"Justin Guinney","Nov 21, 2012"
GSM990553,"age 80y 11014","genomic","Homo sapiens",1,GPL13534,GSE40279,,,,"Justin Guinney","Nov 21, 2012"
GSM990554,"age 79y 11015","genomic","Homo sapiens",1,GPL13534,GSE40279,,,,"Justin Guinney","Nov 21, 2012"
GSM990555,"age 73y 11016","genomic","Homo sapiens",1,GPL13534,GSE40279,,,,"Justin Guinney","Nov 21, 2012"
GSM990556,"age 82y 11017","genomic","Homo sapiens",1,GPL13534,GSE40279,,,,"Justin Guinney","Nov 21, 2012"
GSM990557,"age 85y 11018","genomic","Homo sapiens",1,GPL13534,GSE40279,,,,"Justin Guinney","Nov 21, 2012"
GSM990558,"age 91y 11019","genomic","Homo sapiens",1,GPL13534,GSE40279,,,,"Justin Guinney","Nov 21, 2012"
GSM990559,"age 85y 11020","genomic","Homo sapiens",1,GPL13534,GSE40279,,,,"Justin Guinney","Nov 21, 2012"
GSM990560,"age 86y 11021","genomic","Homo sapiens",1,GPL13534,GSE40279,,,,"Justin Guinney","Nov 21, 2012"
GSM990561,"age 74y 11022","genomic","Homo sapiens",1,GPL13534,GSE40279,,,,"Justin Guinney","Nov 21, 2012"
GSM990562,"age 90y 11024","genomic","Homo sapiens",1,GPL13534,GSE40279,,,,"Justin Guinney","Nov 21, 2012"
GSM990563,"age 87y 11025","genomic","Homo sapiens",1,GPL13534,GSE40279,,,,"Justin Guinney","Nov 21, 2012"
GSM990564,"age 76y 11026","genomic","Homo sapiens",1,GPL13534,GSE40279,,,,"Justin Guinney","Nov 21, 2012"
GSM990565,"age 81y 11027","genomic","Homo sapiens",1,GPL13534,GSE40279,,,,"Justin Guinney","Nov 21, 2012"
GSM990566,"age 59y 11028","genomic","Homo sapiens",1,GPL13534,GSE40279,,,,"Justin Guinney","Nov 21, 2012"
GSM990567,"age 73y 11029","genomic","Homo sapiens",1,GPL13534,GSE40279,,,,"Justin Guinney","Nov 21, 2012"
GSM990568,"age 76y 11030","genomic","Homo sapiens",1,GPL13534,GSE40279,,,,"Justin Guinney","Nov 21, 2012"
GSM990569,"age 85y 11031","genomic","Homo sapiens",1,GPL13534,GSE40279,,,,"Justin Guinney","Nov 21, 2012"
GSM990570,"age 69y 11032","genomic","Homo sapiens",1,GPL13534,GSE40279,,,,"Justin Guinney","Nov 21, 2012"
GSM990571,"age 85y 11033","genomic","Homo sapiens",1,GPL13534,GSE40279,,,,"Justin Guinney","Nov 21, 2012"
GSM990572,"age 85y 11034","genomic","Homo sapiens",1,GPL13534,GSE40279,,,,"Justin Guinney","Nov 21, 2012"
GSM990573,"age 84y 11035","genomic","Homo sapiens",1,GPL13534,GSE40279,,,,"Justin Guinney","Nov 21, 2012"
GSM990574,"age 83y 11036","genomic","Homo sapiens",1,GPL13534,GSE40279,,,,"Justin Guinney","Nov 21, 2012"
GSM990575,"age 67y 11037","genomic","Homo sapiens",1,GPL13534,GSE40279,,,,"Justin Guinney","Nov 21, 2012"
GSM990576,"age 85y 11038","genomic","Homo sapiens",1,GPL13534,GSE40279,,,,"Justin Guinney","Nov 21, 2012"
GSM990577,"age 76y 11039","genomic","Homo sapiens",1,GPL13534,GSE40279,,,,"Justin Guinney","Nov 21, 2012"
GSM990578,"age 87y 11040","genomic","Homo sapiens",1,GPL13534,GSE40279,,,,"Justin Guinney","Nov 21, 2012"
GSM990579,"age 84y 11042","genomic","Homo sapiens",1,GPL13534,GSE40279,,,,"Justin Guinney","Nov 21, 2012"
GSM990580,"age 82y 11043","genomic","Homo sapiens",1,GPL13534,GSE40279,,,,"Justin Guinney","Nov 21, 2012"
GSM990581,"age 93y 11044","genomic","Homo sapiens",1,GPL13534,GSE40279,,,,"Justin Guinney","Nov 21, 2012"
GSM990582,"age 71y 11045","genomic","Homo sapiens",1,GPL13534,GSE40279,,,,"Justin Guinney","Nov 21, 2012"
GSM990583,"age 80y 11046","genomic","Homo sapiens",1,GPL13534,GSE40279,,,,"Justin Guinney","Nov 21, 2012"
GSM990584,"age 88y 11047","genomic","Homo sapiens",1,GPL13534,GSE40279,,,,"Justin Guinney","Nov 21, 2012"
GSM990585,"age 72y 11048","genomic","Homo sapiens",1,GPL13534,GSE40279,,,,"Justin Guinney","Nov 21, 2012"
GSM990586,"age 77y 11049","genomic","Homo sapiens",1,GPL13534,GSE40279,,,,"Justin Guinney","Nov 21, 2012"
GSM990587,"age 56y 11050","genomic","Homo sapiens",1,GPL13534,GSE40279,,,,"Justin Guinney","Nov 21, 2012"
GSM990588,"age 92y 11051","genomic","Homo sapiens",1,GPL13534,GSE40279,,,,"Justin Guinney","Nov 21, 2012"
GSM990589,"age 78y 11052","genomic","Homo sapiens",1,GPL13534,GSE40279,,,,"Justin Guinney","Nov 21, 2012"
GSM990590,"age 71y 11053","genomic","Homo sapiens",1,GPL13534,GSE40279,,,,"Justin Guinney","Nov 21, 2012"
GSM990591,"age 89y 11054","genomic","Homo sapiens",1,GPL13534,GSE40279,,,,"Justin Guinney","Nov 21, 2012"
GSM990592,"age 54y 11055","genomic","Homo sapiens",1,GPL13534,GSE40279,,,,"Justin Guinney","Nov 21, 2012"
GSM990593,"age 66y 11056","genomic","Homo sapiens",1,GPL13534,GSE40279,,,,"Justin Guinney","Nov 21, 2012"
GSM990594,"age 75y 11057","genomic","Homo sapiens",1,GPL13534,GSE40279,,,,"Justin Guinney","Nov 21, 2012"
GSM990595,"age 90y 11058","genomic","Homo sapiens",1,GPL13534,GSE40279,,,,"Justin Guinney","Nov 21, 2012"
GSM990596,"age 66y 11061","genomic","Homo sapiens",1,GPL13534,GSE40279,,,,"Justin Guinney","Nov 21, 2012"
GSM990597,"age 77y 11062","genomic","Homo sapiens",1,GPL13534,GSE40279,,,,"Justin Guinney","Nov 21, 2012"
GSM990598,"age 82y 11063","genomic","Homo sapiens",1,GPL13534,GSE40279,,,,"Justin Guinney","Nov 21, 2012"
GSM990599,"age 65y 11064","genomic","Homo sapiens",1,GPL13534,GSE40279,,,,"Justin Guinney","Nov 21, 2012"
GSM990600,"age 58y 11065","genomic","Homo sapiens",1,GPL13534,GSE40279,,,,"Justin Guinney","Nov 21, 2012"
GSM990601,"age 75y 11066","genomic","Homo sapiens",1,GPL13534,GSE40279,,,,"Justin Guinney","Nov 21, 2012"
GSM990602,"age 88y 11067","genomic","Homo sapiens",1,GPL13534,GSE40279,,,,"Justin Guinney","Nov 21, 2012"
GSM990603,"age 74y 11068","genomic","Homo sapiens",1,GPL13534,GSE40279,,,,"Justin Guinney","Nov 21, 2012"
GSM990604,"age 69y 11069","genomic","Homo sapiens",1,GPL13534,GSE40279,,,,"Justin Guinney","Nov 21, 2012"
GSM990605,"age 83y 11070","genomic","Homo sapiens",1,GPL13534,GSE40279,,,,"Justin Guinney","Nov 21, 2012"
GSM990606,"age 83y 11071","genomic","Homo sapiens",1,GPL13534,GSE40279,,,,"Justin Guinney","Nov 21, 2012"
GSM990607,"age 70y 11073","genomic","Homo sapiens",1,GPL13534,GSE40279,,,,"Justin Guinney","Nov 21, 2012"
GSM990608,"age 64y 11075","genomic","Homo sapiens",1,GPL13534,GSE40279,,,,"Justin Guinney","Nov 21, 2012"
GSM990609,"age 50y 11076","genomic","Homo sapiens",1,GPL13534,GSE40279,,,,"Justin Guinney","Nov 21, 2012"
GSM990610,"age 74y 11077","genomic","Homo sapiens",1,GPL13534,GSE40279,,,,"Justin Guinney","Nov 21, 2012"
GSM990611,"age 69y 11078","genomic","Homo sapiens",1,GPL13534,GSE40279,,,,"Justin Guinney","Nov 21, 2012"
GSM990612,"age 86y 11079","genomic","Homo sapiens",1,GPL13534,GSE40279,,,,"Justin Guinney","Nov 21, 2012"
GSM990613,"age 66y 11080","genomic","Homo sapiens",1,GPL13534,GSE40279,,,,"Justin Guinney","Nov 21, 2012"
GSM990614,"age 70y 11081","genomic","Homo sapiens",1,GPL13534,GSE40279,,,,"Justin Guinney","Nov 21, 2012"
GSM990615,"age 89y 11082","genomic","Homo sapiens",1,GPL13534,GSE40279,,,,"Justin Guinney","Nov 21, 2012"
GSM990616,"age 78y 11083","genomic","Homo sapiens",1,GPL13534,GSE40279,,,,"Justin Guinney","Nov 21, 2012"
GSM990617,"age 69y 11084","genomic","Homo sapiens",1,GPL13534,GSE40279,,,,"Justin Guinney","Nov 21, 2012"
GSM990618,"age 64y 11085","genomic","Homo sapiens",1,GPL13534,GSE40279,,,,"Justin Guinney","Nov 21, 2012"
GSM990619,"age 79y 11086","genomic","Homo sapiens",1,GPL13534,GSE40279,,,,"Justin Guinney","Nov 21, 2012"
GSM990620,"age 92y 11087","genomic","Homo sapiens",1,GPL13534,GSE40279,,,,"Justin Guinney","Nov 21, 2012"
GSM990621,"age 70y 11089","genomic","Homo sapiens",1,GPL13534,GSE40279,,,,"Justin Guinney","Nov 21, 2012"
GSM990622,"age 77y 11090","genomic","Homo sapiens",1,GPL13534,GSE40279,,,,"Justin Guinney","Nov 21, 2012"
GSM990623,"age 78y 11092","genomic","Homo sapiens",1,GPL13534,GSE40279,,,,"Justin Guinney","Nov 21, 2012"
GSM990624,"age 71y 11093","genomic","Homo sapiens",1,GPL13534,GSE40279,,,,"Justin Guinney","Nov 21, 2012"
GSM990625,"age 68y 11094","genomic","Homo sapiens",1,GPL13534,GSE40279,,,,"Justin Guinney","Nov 21, 2012"
GSM990626,"age 61y 11095","genomic","Homo sapiens",1,GPL13534,GSE40279,,,,"Justin Guinney","Nov 21, 2012"
GSM990627,"age 73y 11096","genomic","Homo sapiens",1,GPL13534,GSE40279,,,,"Justin Guinney","Nov 21, 2012"
